brand_name,total_orders_target,total_flgp_target,flgp_impact_incremental,orders_impact_incremental,fully_loaded_gross_profit_eur_2023,fully_loaded_gross_profit_eur_2024,total_orders_2024,total_orders_2023,perc_flgp,perc_orders
Foodora,51434426.27808578,101990753.16865604,-521113.5111722285,885559.3414029437,116666484.73302926,102511866.67982826,50548866.936682835,41949707.0,-0.005109419187350191,0.017217249330537324
Foodpanda,507153642.9911599,296404389.1828721,1565511.8417674454,9263027.666317858,331611121.44443333,294838877.3411047,497890615.32484204,548328397.0,0.005281675639430475,0.018264736523798016
Foody,4775224.425161977,5976413.571255769,-305716.1457120325,4305.223374963214,2529987.3673945875,6282129.716967802,4770919.2017870145,2641885.0,-0.051153780116959875,0.000901575086665624
HungerStation,152768140.84789905,499143526.5243982,-1416296.174945224,1146725.6677305046,412050916.0388267,500559822.69934344,151621415.18016854,128872746.0,-0.0028374527559379163,0.007506314218173423
PedidosYa,201615171.04478416,224615686.87599957,894870.501859074,1799930.9700352785,215074483.9348809,223720816.3741405,199815240.07474884,174698206.0,0.003984007147074695,0.008927557190800217
Talabat,311302976.74393666,578719077.785252,10928595.47545247,1592099.1385607105,415608756.221316,567790482.3097994,309710877.60537595,232334442.0,0.01888411129848357,0.005114307467320806
Yemeksepeti,106652678.52930626,48555386.485858515,1134683.7350961291,893355.426453568,1996775.7888999379,47420702.75076239,105759323.10285269,33035636.0,0.023368853946340216,0.008376305581562021
eFood,19706645.79719447,24529184.889997877,2525911.174087525,-10757.788216165267,3586599.117297705,22003273.715910353,19717403.585410636,8404450.0,0.10297574849776199,-0.0005458964618776878
Total,1355408906.6575284,1779934418.4842901,14806446.89643316,15574245.64565966,1499125124.6460783,1765127971.5878568,1339834661.0118685,1170265469.0,0.008318535077849467,0.011490440684845529
